"","Diet","mnsamp","varsamp","mnlogsamp","varlogsamp","logmnsamp"
"1","A",39.54,39.54,3.66944751536424,0.0187232900059077,3.67731281774247
"2","B",32.6,32.6,3.47757419190333,0.016609353473227,3.48431228837266
"3","C",32.18,32.18,3.47062358465888,0.00179961355114343,3.47134514156424
"4","D",16.92,16.92,2.82109248080997,0.0185656818487032,2.82849635417808
